subject,question,option1,option2,option3,option4,answer,explanation
"Foundations of Internal Auditing","A chief audit executive from an overseas firm oversees an internal audit team stationed outside her native country. In this situation, how is the practice of internal auditing regulated?","It is directed by the context in which the audit team executes its designated tasks.","It operates independently of the context where the audit team performs its duties.","It must comply solely with the laws of the host nation.","It should adhere only to the regulations of the local jurisdiction.","It is directed by the context in which the audit team executes its designated tasks.","Legal systems and cultural norms vary across nations. These distinctions can shape internal auditing practices in each setting. Thus, the application of the International Professional Practices Framework (IPPF) is guided by the environment where the internal audit team fulfills its roles. Nothing within the IPPF should be interpreted in a way that contradicts applicable laws or rules. If a conflict emerges between the IPPF and local regulations, internal auditors are advised to reach out to The IIA or seek legal advice for clarity."
"Foundations of Internal Auditing","A service organization is facing major staff reductions and operational restructuring, adopting a decentralized model that grants branch managers authority to make choices and handle tasks typically reserved for senior levels. Historically, internal audit efforts have targeted the service branches and six regional hubs supporting them, which are now at risk of closure. Support roles like HR, accounting, and procurement are shifting to the national office. Until now, the internal audit team has reported to the chief operating officer, despite its members’ financial audit expertise. Given these changes, what is the most effective reporting structure for internal auditing?","Administrative oversight by branch managers and functional accountability to the chief financial officer","Both administrative and functional accountability to the chief executive officer","Administrative oversight by the chief financial officer and functional accountability to the chief executive officer","Administrative oversight by the chief executive officer and functional accountability to the board","Administrative oversight by the chief executive officer and functional accountability to the board","The independence of the internal audit function is better safeguarded when it reports functionally to the board. Reporting functionally to the president could undermine independence, as the president oversees the areas being audited. Similarly, functional reporting to the chief operating officer or chief financial officer might compromise independence for audits of operational functions."
"Foundations of Internal Auditing","Implementation Standards build on the Attribute and Performance Standards by outlining requirements for assurance or consulting services. Which parties are typically involved in consulting services?","The individual or team conducting the evaluation (the internal auditor) and the individual or team managing business unit operations (the process owner).","The individual or team providing guidance (the internal auditor) and the individual or team requesting and receiving that guidance (the engagement client).","The individual or team requesting and receiving guidance (the engagement client) and the individual or team overseeing organizational governance (senior management).","The individual or team providing guidance (the internal auditor) and the individual or team tasked with informing stakeholders (senior management or the board).","The individual or team providing guidance (the internal auditor) and the individual or team requesting and receiving that guidance (the engagement client).","Consulting services offer advisory support and are typically initiated at the request of an engagement client. The scope and nature of these engagements are determined in collaboration with the client, involving: 1) the party offering advice—the internal auditor, and 2) the party seeking and accepting that advice—the engagement client. Process owners play a role in assurance services, not consulting, and senior management or the board are not directly engaged in consulting activities."
"Foundations of Internal Auditing","An auditor skilled in analyzing financial statements might breach The IIA’s Code of Ethics by engaging in which activity without first consulting senior management and the chief audit executive (CAE)?","Accepting payment to assess financial risks in a division manager’s personal investments","Conducting paid investment workshops at a nearby college","Establishing and managing a charitable trust using family investments","Offering free investment advice to a community nonprofit","Accepting payment to assess financial risks in a division manager’s personal investments","Providing paid services to a division manager within the organization could lead to a conflict of interest, necessitating approval from senior management and the CAE. Although the service might appear unrelated to organizational duties, the auditor’s interest in aiding the manager’s personal financial gain—and the manager’s interest in compensating the auditor—could jeopardize their independence in fulfilling their respective roles."
"Foundations of Internal Auditing","Under which condition is the internal audit function most likely to enhance organizational value?","The board backs its stated commitment to governance, risk management, and control with resources and guidance.","In the past, internal audit has avoided building ties with other departments.","The chief audit executive, with less than a year at the organization, brings expertise in advanced automated audit tools.","Senior and operational managers focus mainly on verifying the effectiveness of current controls.","The board backs its stated commitment to governance, risk management, and control with resources and guidance.","To contribute value (per Performance Standard 2000), internal audit must move beyond merely checking existing controls to pinpointing root causes and suggesting improvements. This requires board and senior management support through resources and direction. Adding value also demands departmental relationships and organizational insight, which a new chief audit executive might lack due to limited tenure."
"Foundations of Internal Auditing","The accounts payable supervisor at an airline seeks a consulting review of the electronic invoice submission process, managed by three staff members. The supervisor suspects delays stem from inefficient employee practices and wants internal audit to confirm this. Should the chief audit executive accept this task?","Yes, the task is clearly outlined with a specific goal.","No, the Standards explicitly prohibit such reviews.","Yes, this request aligns well with internal audit’s capabilities.","No, this falls under management’s purview, and the supervisor should assess the staff’s practices.","No, this falls under management’s purview, and the supervisor should assess the staff’s practices.","Overseeing staff performance is a management responsibility, not an internal audit duty. The accounts payable supervisor should evaluate the employees’ practices directly."
"Foundations of Internal Auditing","Company X maintains a formal code of ethics, while Company Y does not. Company X’s code addresses procurement contracts and vendor interactions, among other topics, to steer employee conduct. What conclusion can reasonably be drawn?","Company X demonstrates superior ethical conduct compared to Company Y.","Company X provides clear standards for assessing employee behavior.","Company X requires fewer controls over procurement and vendor dealings than Company Y.","Without a formal code, Company Y cannot effectively audit ethical conduct.","Company X provides clear standards for assessing employee behavior.","A structured code of ethics offers defined benchmarks for evaluating actions, serving as a reference for employee conduct. However, having a code alone doesn’t guarantee higher ethical standards; it must be supported by policies and oversight. Ethical guidance can exist outside a formal code, and its presence doesn’t eliminate the need for related controls."
"Foundations of Internal Auditing","Where should an internal auditor turn to verify if management’s requested consulting services are suitable?","The yearly audit schedule","The company’s ethical guidelines","The International Professional Practices Framework (IPPF)","The internal audit charter","The internal audit charter","Per Implementation Standard 1000.C1, the internal audit charter defines the nature of consulting services."
"Foundations of Internal Auditing","What is the main goal of the Definition of Internal Auditing within the IPPF?","To detail tax compliance steps","To establish a structure for internal audit tasks","To set financial reporting guidelines","To direct external audit efforts","To establish a structure for internal audit tasks","The Definition of Internal Auditing in the IPPF outlines the purpose, authority, and duties of internal auditing, acting as a core framework for the profession."
"Foundations of Internal Auditing","The IIA’s Code of Ethics aims to foster an ethical culture in internal auditing and is vital for the profession. It encompasses Integrity, Confidentiality, Objectivity, and Competency. Which statement best captures the essence of Integrity?","It allows internal auditors to fairly evaluate all relevant factors.","It reflects respect for the ownership and value of information obtained during an engagement.","It demands that internal auditors use their knowledge and skills in their work.","It builds trust, forming the foundation for confidence in their judgment.","It builds trust, forming the foundation for confidence in their judgment.","Integrity in internal auditors fosters trust, underpinning reliance on their decisions. Objectivity ensures fair assessments free from undue influence. Competency requires applying necessary expertise, while Confidentiality involves safeguarding information received during engagements."
"Foundations of Internal Auditing","The IIA issues three categories of Standards to support the International Professional Practices Framework. Which category elaborates on requirements for assurance and consulting engagements?","Performance Standards","Attribute Standards","Implementation Standards","Assurance Standards","Implementation Standards","Implementation Standards enhance the Attribute and Performance Standards by specifying requirements for assurance or consulting activities."
"Foundations of Internal Auditing","Which element of authority should be part of the internal audit activity’s charter?","Examples of disclosures to share with the audit committee","A list of units where engagements will occur","Access to external auditors’ records","Access to records, staff, and physical assets needed for engagements","Access to records, staff, and physical assets needed for engagements","Internal auditors require a clear mandate to ensure independence and objectivity, as outlined in the charter. This document positions the internal audit activity within the organization, grants access to necessary records, personnel, and properties, and defines its scope (IPPF glossary)."
"Foundations of Internal Auditing","An internal audit engagement may combine assurance and consulting elements, known as blended engagements. Which IIA Standard must such an engagement follow regarding roles and responsibilities?","IIA Standard 1210: Proficiency.","IIA Standard 2300: Performing the Engagement.","IIA Standard 1000: Purpose, Authority, and Responsibility.","IIA Standard 1112: Chief Audit Executive Roles Beyond Internal Auditing.","IIA Standard 2300: Performing the Engagement.","Some engagements blend assurance and consulting goals. Per IIA Standard 2300, internal auditors must gather, assess, and document sufficient data to meet the engagement’s aims, whether focused on assurance (with possible insights) or consulting (with limited assurance). The applicable Implementation Standards depend on the primary objective."
"Foundations of Internal Auditing","With whom must the chief audit executive (CAE) periodically review the internal audit charter?","Legal counsel and the board","The chief executive officer and the board","Senior management and the board","The chief financial officer and the board","Senior management and the board","Standard 1000 requires the CAE to periodically review and submit the internal audit charter to senior management and the board for approval."
"Foundations of Internal Auditing","In which scenario does an internal auditor breach The IIA’s Code of Ethics regarding confidentiality?","In a progress report to the audit committee, the auditor notes unrelated findings suggesting potential criminal acts by an outsider linked to a staff member.","While reviewing a supplier’s reports, the auditor buys a product for personal use with personal funds, using a public discount.","During an interview, a staff member shares personal financial troubles, including bankruptcy plans unknown to family. The auditor anonymously alerts the spouse.","In court, the auditor discloses fraud evidence implicating a vice president and relatives.","During an interview, a staff member shares personal financial troubles, including bankruptcy plans unknown to family. The auditor anonymously alerts the spouse.","The auditor should have discreetly investigated potential fraud flags but violated confidentiality by notifying the spouse. Purchasing a product with a standard discount doesn’t affect objectivity, and legal disclosures or reporting crimes are permissible."
"Foundations of Internal Auditing","The internal audit team at Jack’s Flooring Emporium struggles to uphold the Core Principle of 'provides risk-based assurance' during engagements. What is a likely outcome of this failure?","Management and the board lack independent confirmation that controls are well-designed and effective in managing risks.","The team may overlook emerging risks, reducing its value to the organization.","Management and the board may doubt the accuracy of audit findings.","The team risks losing credibility to offer independent assurance.","Management and the board lack independent confirmation that controls are well-designed and effective in managing risks.","Effective internal audit requires all Core Principles. Failing 'risk-based assurance' denies management and the board validation of controls. Missing risks relates to being 'proactive,' distrust in findings to 'objectivity,' and loss of credibility to 'integrity.'"
"Foundations of Internal Auditing","In certain nations, government bodies set audit standards, like the U.S. General Accounting Office’s rules for grant compliance audits. How should an auditor approach these engagements?","Follow general public accounting standards.","Adhere to both The IIA’s Standards and additional government standards.","Rely solely on The IIA’s Standards for their breadth.","Use only the governmental standards.","Adhere to both The IIA’s Standards and additional government standards.","Certified Internal Auditors must follow The IIA’s Standards, supplemented by relevant governmental standards for grant audits."
"Foundations of Internal Auditing","Which option best describes the Core Principles for the Professional Practices of Internal Auditing?","They are mandatory, principles-based rules assessing internal audit efficacy.","They offer detailed instructions for audit tasks, where misunderstanding implies ineffectiveness.","They outline behavioral expectations for auditors and organizations.","Together, they define internal audit effectiveness, requiring all to be active for success.","Together, they define internal audit effectiveness, requiring all to be active for success.","The Core Principles collectively articulate internal audit effectiveness, demanding all be present and functional. Their application varies, but gaps reduce effectiveness. Behavioral expectations stem from the Code of Ethics, and mandatory requirements partly define the Standards."
"Foundations of Internal Auditing","During a second-year treasury audit, a staff auditor finds that the treasurer misused securities as loan collateral years ago. Last year, the auditor and manager signed off without fully verifying this, an error noticed this year. The manager says the issue is resolved and pursuit would embarrass all. What should the auditor prioritize in deciding to report this?","Loan repayment and securities’ return","Error in prior sign-off","Improper use of securities as collateral","Control weakness correction","Improper use of securities as collateral","The past misuse of securities warrants reporting, regardless of resolution. Other details may inform the report but don’t dictate the decision to disclose."
"Foundations of Internal Auditing","An auditor auditing asbestos abatement—a fraud-prone area—wonders how the Standards apply. Which statement is accurate?","The Standards offer a broad framework for value-added auditing, applicable here, with general interpretation text as part of the standard.","The Standards limit auditing to a narrow scope, with specifics in non-standard interpretation text.","The Standards list exact steps and fraud indicators for this area.","The Standards are rules-based, ignoring loopholes if rules are followed.","The Standards offer a broad framework for value-added auditing, applicable here, with general interpretation text as part of the standard.","The Standards provide principles-based guidance, not detailed steps, with interpretation text enhancing understanding as part of the standard."
"Foundations of Internal Auditing","When does the chief audit executive (CAE) achieve organizational independence?","When administratively reporting outside the CEO level, with the audit team controlling work scope and results without interference.","When administratively reporting outside the CEO level, with the audit team setting its budget and plan without interference.","When functionally reporting outside the CEO level, with the audit team controlling work scope and results without interference.","When functionally reporting outside the CEO level, with the audit team setting its budget and plan without interference.","When administratively reporting outside the CEO level, with the audit team controlling work scope and results without interference.","Per Standard 1110, independence is confirmed annually to the board. It exists with functional reporting to the board, direct access, and administrative reporting to the CEO or another level, provided the audit team retains control over scope and reporting."
"Foundations of Internal Auditing","Assurance work typically involves which combination of services?","Operational, compliance, reporting, and fraud detection","Entity reviews, system rollouts, and ongoing auditing","Due diligence, contract reviews, and third-party audits","Operational, compliance, reporting, and IT","Operational, compliance, reporting, and IT","Assurance dominates internal audit work, often blending operational, compliance, reporting, and IT services."
"Foundations of Internal Auditing","Which is a key sign of independence under the Core Principle 'Is objective and free from undue influence'?","The board periodically assesses the CAE’s independence in employment.","The board evaluates the CAE’s performance and approves appointment and pay.","The CAE has charter-defined direct board access.","The charter specifies functional reporting to the board.","The board evaluates the CAE’s performance and approves appointment and pay.","Independence is measured by board oversight of the CAE’s role and compensation. Other options enable, rather than indicate, independence."
"Foundations of Internal Auditing","When managers in some organizations argue internal auditing isn’t needed for operational critique, what is most impacted in the audit department?","Policies and procedures","Charter","Budget variance","Staff evaluations","Charter","Such resistance limits the charter’s scope, hindering audit authority. Budgets and evaluations may vary, but the charter suffers most from this attitude."
"Foundations of Internal Auditing","Which action by an internal auditor creates a conflict of interest per The IIA’s Code of Ethics?","Deducting a whistleblower’s identity and keeping it confidential","Auditing a yogurt division after prior external audit experience, disclosed upfront","Ignoring a manager’s fraud suspect suggestion due to contrary evidence","Leading a project management audit without training to gain experience","Leading a project management audit without training to gain experience","Per Competency Rule 4.1, auditors must have adequate skills for assignments. Accepting an unprepared role conflicts with this. Other actions align with ethics."
"Foundations of Internal Auditing","To boost awareness of internal audit’s abilities across departments, the CAE launches initiatives. Which tactic fits the Standards?","Promising department heads audits every three years","Assigning an auditor to create a newsletter with client testimonials","Buying lunch for department heads to promote audit expertise","Sending post-audit memos with findings to all leaders","Assigning an auditor to create a newsletter with client testimonials","A newsletter with positive feedback showcases value (Standard 2000). Fixed audit schedules defy risk-based planning, and lunches or memos may breach ethics or privacy."
"Foundations of Internal Auditing","Assessing a process for effectiveness and efficiency in meeting organizational goals is best classified as","a Six Sigma task.","a financial review.","a consulting effort.","an operational review.","an operational review.","Operational reviews evaluate processes for efficiency and goal alignment."
"Foundations of Internal Auditing","An auditor, laid off due to downsizing, joins a rival firm in the same sector. Which disclosure to the new employer violates The IIA’s Code of Ethics?","Revealing the prior firm’s northern sales force cuts as a market opportunity","Using the prior firm’s audit risk approach at the new job","Applying personal treasury research from the old job to the new one","Training the new team on PPS sampling from the prior firm","Revealing the prior firm’s northern sales force cuts as a market opportunity","Sharing confidential prior employer data breaches confidentiality. Standard techniques and personal research don’t violate ethics."
"Foundations of Internal Auditing","During a travel expense review, an auditor questions an officer’s reimbursements. The officer offers to offset this by skipping future valid claims. If fulfilled, what should the auditor do?","Report the finding anyway.","Overlook the initial misuse.","Suggest forfeiting related frequent flyer miles.","Notify tax authorities regardless.","Report the finding anyway.","Per the Code’s integrity (1.2) and objectivity (2.3), all material facts must be reported. The Standards mandate sharing findings with those who can act."
"Foundations of Internal Auditing","What signals competence under the Core Principle 'Demonstrates competence and due professional care'?","Percentage of staff with certifications","Annual training plan tied to skill gaps","Defined audit team structure with job roles","Performance goals linked to department aims","Percentage of staff with certifications","Competence is gauged by certification rates. Other options enable, rather than measure, competence."